{
  "config": {
    "seed": 42,
    "num_folds": 3,
    "val_ratio": 0.2,
    "augmentation_profile": "underwater",
    "balanced_sampling": true,
    "hard_negative_keywords": [
      "branch",
      "wreck",
      "shipwreck"
    ],
    "hard_negative_factor": 1.2,
    "manifest": "C:\\Users\\stephenxxy\\Desktop\\project\\uxo_project\\manifests\\underwater_dataset_v1_manifest.csv"
  },
  "fold_results": [
    {
      "fold": 1,
      "best_val_acc": 0.6785714285714286,
      "val_acc": 0.6785714285714286,
      "test_acc": 0.6229508196721312,
      "train_size": 92,
      "val_size": 28,
      "test_size": 61,
      "train_class_counts": {
        "UXO": 19,
        "non_UXO": 73
      },
      "val_confusion_matrix": [
        [
          1,
          7
        ],
        [
          2,
          18
        ]
      ],
      "test_confusion_matrix": [
        [
          4,
          10
        ],
        [
          13,
          34
        ]
      ],
      "val_report": {
        "UXO": {
          "precision": 0.3333333333333333,
          "recall": 0.125,
          "f1-score": 0.18181818181818182,
          "support": 8.0
        },
        "non_UXO": {
          "precision": 0.72,
          "recall": 0.9,
          "f1-score": 0.8,
          "support": 20.0
        },
        "accuracy": 0.6785714285714286,
        "macro avg": {
          "precision": 0.5266666666666666,
          "recall": 0.5125,
          "f1-score": 0.49090909090909096,
          "support": 28.0
        },
        "weighted avg": {
          "precision": 0.6095238095238095,
          "recall": 0.6785714285714286,
          "f1-score": 0.6233766233766234,
          "support": 28.0
        }
      },
      "test_report": {
        "UXO": {
          "precision": 0.23529411764705882,
          "recall": 0.2857142857142857,
          "f1-score": 0.25806451612903225,
          "support": 14.0
        },
        "non_UXO": {
          "precision": 0.7727272727272727,
          "recall": 0.723404255319149,
          "f1-score": 0.7472527472527473,
          "support": 47.0
        },
        "accuracy": 0.6229508196721312,
        "macro avg": {
          "precision": 0.5040106951871658,
          "recall": 0.5045592705167173,
          "f1-score": 0.5026586316908898,
          "support": 61.0
        },
        "weighted avg": {
          "precision": 0.649381958446568,
          "recall": 0.6229508196721312,
          "f1-score": 0.6349800384702553,
          "support": 61.0
        }
      },
      "history": [
        {
          "epoch": 1,
          "train_loss": 0.5970291743675867,
          "val_acc": 0.6785714285714286
        },
        {
          "epoch": 2,
          "train_loss": 0.26865357408920926,
          "val_acc": 0.4642857142857143
        },
        {
          "epoch": 3,
          "train_loss": 0.17000003531575203,
          "val_acc": 0.4642857142857143
        },
        {
          "epoch": 4,
          "train_loss": 0.1282137551655372,
          "val_acc": 0.6071428571428571
        },
        {
          "epoch": 5,
          "train_loss": 0.10384270983437698,
          "val_acc": 0.5357142857142857
        },
        {
          "epoch": 6,
          "train_loss": 0.10420511694004138,
          "val_acc": 0.6428571428571429
        },
        {
          "epoch": 7,
          "train_loss": 0.0970728206448257,
          "val_acc": 0.5714285714285714
        },
        {
          "epoch": 8,
          "train_loss": 0.07973034656606615,
          "val_acc": 0.5357142857142857
        },
        {
          "epoch": 9,
          "train_loss": 0.0534845309642454,
          "val_acc": 0.6428571428571429
        },
        {
          "epoch": 10,
          "train_loss": 0.08149779463807742,
          "val_acc": 0.6428571428571429
        }
      ],
      "model_path": "C:\\Users\\stephenxxy\\Desktop\\project\\uxo_project\\models\\groupcv_underwater_hn12_cons\\fold1_best.pth"
    },
    {
      "fold": 2,
      "best_val_acc": 0.8181818181818182,
      "val_acc": 0.8181818181818182,
      "test_acc": 0.6557377049180327,
      "train_size": 87,
      "val_size": 33,
      "test_size": 61,
      "train_class_counts": {
        "UXO": 16,
        "non_UXO": 71
      },
      "val_confusion_matrix": [
        [
          10,
          1
        ],
        [
          5,
          17
        ]
      ],
      "test_confusion_matrix": [
        [
          7,
          7
        ],
        [
          14,
          33
        ]
      ],
      "val_report": {
        "UXO": {
          "precision": 0.6666666666666666,
          "recall": 0.9090909090909091,
          "f1-score": 0.7692307692307693,
          "support": 11.0
        },
        "non_UXO": {
          "precision": 0.9444444444444444,
          "recall": 0.7727272727272727,
          "f1-score": 0.85,
          "support": 22.0
        },
        "accuracy": 0.8181818181818182,
        "macro avg": {
          "precision": 0.8055555555555556,
          "recall": 0.8409090909090908,
          "f1-score": 0.8096153846153846,
          "support": 33.0
        },
        "weighted avg": {
          "precision": 0.8518518518518519,
          "recall": 0.8181818181818182,
          "f1-score": 0.8230769230769232,
          "support": 33.0
        }
      },
      "test_report": {
        "UXO": {
          "precision": 0.3333333333333333,
          "recall": 0.5,
          "f1-score": 0.4,
          "support": 14.0
        },
        "non_UXO": {
          "precision": 0.825,
          "recall": 0.7021276595744681,
          "f1-score": 0.7586206896551724,
          "support": 47.0
        },
        "accuracy": 0.6557377049180327,
        "macro avg": {
          "precision": 0.5791666666666666,
          "recall": 0.601063829787234,
          "f1-score": 0.5793103448275863,
          "support": 61.0
        },
        "weighted avg": {
          "precision": 0.7121584699453551,
          "recall": 0.6557377049180327,
          "f1-score": 0.6763143018654607,
          "support": 61.0
        }
      },
      "history": [
        {
          "epoch": 1,
          "train_loss": 0.5734816938638687,
          "val_acc": 0.8181818181818182
        },
        {
          "epoch": 2,
          "train_loss": 0.15451179693142572,
          "val_acc": 0.696969696969697
        },
        {
          "epoch": 3,
          "train_loss": 0.13083715612689653,
          "val_acc": 0.6060606060606061
        },
        {
          "epoch": 4,
          "train_loss": 0.15464945882558823,
          "val_acc": 0.6666666666666666
        },
        {
          "epoch": 5,
          "train_loss": 0.19494983740150928,
          "val_acc": 0.6060606060606061
        },
        {
          "epoch": 6,
          "train_loss": 0.06542034400627017,
          "val_acc": 0.5757575757575758
        },
        {
          "epoch": 7,
          "train_loss": 0.13619175646454096,
          "val_acc": 0.6060606060606061
        },
        {
          "epoch": 8,
          "train_loss": 0.08782013412564993,
          "val_acc": 0.6363636363636364
        },
        {
          "epoch": 9,
          "train_loss": 0.09078980144113302,
          "val_acc": 0.5757575757575758
        },
        {
          "epoch": 10,
          "train_loss": 0.07007073843851686,
          "val_acc": 0.5757575757575758
        }
      ],
      "model_path": "C:\\Users\\stephenxxy\\Desktop\\project\\uxo_project\\models\\groupcv_underwater_hn12_cons\\fold2_best.pth"
    },
    {
      "fold": 3,
      "best_val_acc": 0.8484848484848485,
      "val_acc": 0.8484848484848485,
      "test_acc": 0.6440677966101694,
      "train_size": 89,
      "val_size": 33,
      "test_size": 59,
      "train_class_counts": {
        "UXO": 17,
        "non_UXO": 72
      },
      "val_confusion_matrix": [
        [
          8,
          3
        ],
        [
          2,
          20
        ]
      ],